{"cameraMode":{"drawMode":0,"name":"Shaded","section":"Shading Mode"},"sceneLighting":false,"audioPlay":false,"sceneViewState":{"m_AlwaysRefresh":false,"showFog":true,"showSkybox":false,"showFlares":true,"showImageEffects":true,"showParticleSystems":true,"showVisualEffectGraphs":true,"m_FxEnabled":true},"in2DMode":false,"pivot":{"x":-0.007695863023400307,"y":0.46319180727005007,"z":0.020070664584636689},"rotation":{"x":-0.3872387409210205,"y":-0.2028873860836029,"z":0.08778250217437744,"w":-0.8950992226600647},"size":0.7627160549163818,"orthographic":false}