{"cameraMode":{"drawMode":0,"name":"Shaded","section":"Shading Mode"},"sceneLighting":false,"audioPlay":false,"sceneViewState":{"m_AlwaysRefresh":false,"showFog":true,"showSkybox":false,"showFlares":true,"showImageEffects":true,"showParticleSystems":true,"showVisualEffectGraphs":true,"m_FxEnabled":true},"in2DMode":false,"pivot":{"x":0.21853506565093995,"y":0.2516282796859741,"z":-0.03646509349346161},"rotation":{"x":0.20475071668624879,"y":-0.4126220643520355,"z":0.09574291110038758,"w":0.8824147582054138},"size":1.5487600564956666,"orthographic":true}