{"cameraMode":{"drawMode":0,"name":"Shaded","section":"Shading Mode"},"sceneLighting":false,"audioPlay":false,"sceneViewState":{"m_AlwaysRefresh":false,"showFog":true,"showSkybox":false,"showFlares":true,"showImageEffects":true,"showParticleSystems":true,"showVisualEffectGraphs":true,"m_FxEnabled":true},"in2DMode":false,"pivot":{"x":-0.007695863023400307,"y":0.46319180727005007,"z":0.020070664584636689},"rotation":{"x":-0.18570955097675324,"y":0.6858757138252258,"z":-0.18783420324325562,"w":-0.6780996918678284},"size":0.7627160549163818,"orthographic":false}