{"cameraMode":{"drawMode":0,"name":"Shaded","section":"Shading Mode"},"sceneLighting":false,"audioPlay":false,"sceneViewState":{"m_AlwaysRefresh":false,"showFog":true,"showSkybox":false,"showFlares":true,"showImageEffects":true,"showParticleSystems":true,"showVisualEffectGraphs":true,"m_FxEnabled":true},"in2DMode":false,"pivot":{"x":-0.538654088973999,"y":0.39983510971069338,"z":4.989999771118164},"rotation":{"x":-0.10917367786169052,"y":-0.044127676635980609,"z":0.004850669298321009,"w":-0.9930348992347717},"size":1.6402357816696168,"orthographic":true}