{"cameraMode":{"drawMode":0,"name":"Shaded","section":"Shading Mode"},"sceneLighting":false,"audioPlay":false,"sceneViewState":{"m_AlwaysRefresh":false,"showFog":true,"showSkybox":false,"showFlares":true,"showImageEffects":true,"showParticleSystems":true,"showVisualEffectGraphs":true,"m_FxEnabled":true},"in2DMode":false,"pivot":{"x":-0.027332980185747148,"y":1.4400476217269898,"z":-0.3510325253009796},"rotation":{"x":-0.26770520210266116,"y":-0.07304870337247849,"z":0.020353788509964944,"w":-0.9605267643928528},"size":4.426585674285889,"orthographic":false}