{"cameraMode":{"drawMode":0,"name":"Shaded","section":"Shading Mode"},"sceneLighting":false,"audioPlay":false,"sceneViewState":{"m_AlwaysRefresh":false,"showFog":true,"showSkybox":false,"showFlares":true,"showImageEffects":true,"showParticleSystems":true,"showVisualEffectGraphs":true,"m_FxEnabled":true},"in2DMode":false,"pivot":{"x":-1.2749924659729005,"y":0.7108999490737915,"z":-0.280609130859375},"rotation":{"x":-0.33137503266334536,"y":0.016129663214087487,"z":-0.00566478306427598,"w":-0.9433516263961792},"size":2.484346389770508,"orthographic":false}