{"cameraMode":{"drawMode":0,"name":"Shaded","section":"Shading Mode"},"sceneLighting":false,"audioPlay":false,"sceneViewState":{"m_AlwaysRefresh":false,"showFog":true,"showSkybox":false,"showFlares":true,"showImageEffects":true,"showParticleSystems":true,"showVisualEffectGraphs":true,"m_FxEnabled":true},"in2DMode":false,"pivot":{"x":0.11243301630020142,"y":0.962489664554596,"z":-0.07864749431610108},"rotation":{"x":0.2910512089729309,"y":0.3024492561817169,"z":-0.09754964709281922,"w":0.9023879766464233},"size":1.8708471059799195,"orthographic":true}