{"cameraMode":{"drawMode":0,"name":"Shaded","section":"Shading Mode"},"sceneLighting":false,"audioPlay":false,"sceneViewState":{"m_AlwaysRefresh":false,"showFog":true,"showSkybox":false,"showFlares":true,"showImageEffects":true,"showParticleSystems":true,"showVisualEffectGraphs":true,"m_FxEnabled":true},"in2DMode":false,"pivot":{"x":-0.050948143005371097,"y":1.4400001764297486,"z":384.93157958984377},"rotation":{"x":-0.10125762969255448,"y":0.10484854876995087,"z":-0.010729036293923855,"w":-0.9892705678939819},"size":6.52940559387207,"orthographic":true}