{"cameraMode":{"drawMode":0,"name":"Shaded","section":"Shading Mode"},"sceneLighting":false,"audioPlay":false,"sceneViewState":{"m_AlwaysRefresh":false,"showFog":true,"showSkybox":false,"showFlares":true,"showImageEffects":true,"showParticleSystems":true,"showVisualEffectGraphs":true,"m_FxEnabled":true},"in2DMode":false,"pivot":{"x":-2.7002193927764894,"y":2.4951014518737795,"z":0.22546541690826417},"rotation":{"x":0.15215638279914857,"y":0.5743967294692993,"z":0.10969450324773789,"w":-0.7968096733093262},"size":4.882707595825195,"orthographic":false}