{"cameraMode":{"drawMode":0,"name":"Shaded","section":"Shading Mode"},"sceneLighting":false,"audioPlay":false,"sceneViewState":{"m_AlwaysRefresh":false,"showFog":true,"showSkybox":false,"showFlares":true,"showImageEffects":true,"showParticleSystems":true,"showVisualEffectGraphs":true,"m_FxEnabled":true},"in2DMode":false,"pivot":{"x":-0.779245138168335,"y":0.28389519453048708,"z":5.056453704833984},"rotation":{"x":-0.09939414262771607,"y":0.31547316908836367,"z":-0.033247075974941257,"w":-0.9431329965591431},"size":1.370967984199524,"orthographic":false}