{"cameraMode":{"drawMode":0,"name":"Shaded","section":"Shading Mode"},"sceneLighting":false,"audioPlay":false,"sceneViewState":{"m_AlwaysRefresh":false,"showFog":true,"showSkybox":false,"showFlares":true,"showImageEffects":true,"showParticleSystems":true,"showVisualEffectGraphs":true,"m_FxEnabled":true},"in2DMode":false,"pivot":{"x":-0.838939368724823,"y":1.597533106803894,"z":4.957098960876465},"rotation":{"x":-0.00004508030178840272,"y":0.999559760093689,"z":-0.0014991190982982517,"w":-0.029699569568037988},"size":0.2894666790962219,"orthographic":true}