{"cameraMode":{"drawMode":0,"name":"Shaded","section":"Shading Mode"},"sceneLighting":false,"audioPlay":false,"sceneViewState":{"m_AlwaysRefresh":false,"showFog":true,"showSkybox":false,"showFlares":true,"showImageEffects":true,"showParticleSystems":true,"showVisualEffectGraphs":true,"m_FxEnabled":true},"in2DMode":false,"pivot":{"x":-0.29135799407958987,"y":3.3348851203918459,"z":0.6178293228149414},"rotation":{"x":-0.1628233641386032,"y":0.19310621917247773,"z":-0.03251396492123604,"w":-0.9670306444168091},"size":20.232173919677736,"orthographic":false}