{"cameraMode":{"drawMode":0,"name":"Shaded","section":"Shading Mode"},"sceneLighting":false,"audioPlay":false,"sceneViewState":{"m_AlwaysRefresh":false,"showFog":true,"showSkybox":false,"showFlares":true,"showImageEffects":true,"showParticleSystems":true,"showVisualEffectGraphs":true,"m_FxEnabled":true},"in2DMode":false,"pivot":{"x":-0.010085653513669968,"y":1.6853430271148682,"z":-0.9398391842842102},"rotation":{"x":-0.041884660720825198,"y":0.6948176026344299,"z":-0.7168554663658142,"w":-0.0407920740544796},"size":3.9439401626586916,"orthographic":false}