{"cameraMode":{"drawMode":0,"name":"Shaded","section":"Shading Mode"},"sceneLighting":false,"audioPlay":false,"sceneViewState":{"m_AlwaysRefresh":false,"showFog":true,"showSkybox":false,"showFlares":true,"showImageEffects":true,"showParticleSystems":true,"showVisualEffectGraphs":true,"m_FxEnabled":true},"in2DMode":false,"pivot":{"x":-0.19043052196502686,"y":1.9565984010696412,"z":-0.08630716800689697},"rotation":{"x":-0.15209324657917024,"y":-0.6538251042366028,"z":0.13649679720401765,"w":-0.7285383939743042},"size":2.17092227935791,"orthographic":false}